criando, 1
estrutura, 1
configurando, 1
projeto, 1
updates, 15
this, 22
is, 36
my, 24
repo, 17
adding, 95
2222, 1
port, 27
ssh, 8
config, 63
reverting, 1
changes, 79
sshd_config, 1
info, 10
needed, 5
for, 205
connecting, 2
expose, 6
to, 517
dockerfile, 91
removing, 17
<#noparse>, 1
tags, 1
from, 130
html, 13
test, 220
github, 14
update, 702
jar, 29
, 588
ruc-2, 1
shade, 1
plugin, 20
removed, 42
sonar, 1
soanr, 1
added, 299
pom, 167
xml, 153
commit, 76
required, 5
current, 3
spring, 116
boot, 72
version, 48
add, 361
azure, 6
http, 7
client, 13
appengine, 1
merge, 141
branch, 83
master, 54
of, 132
com:chrishowejones/gs-spring-boot, 1
intial, 1
implementation, 7
with, 95
groovy, 4
ajout, 5
fichier, 3
remote-tracking, 17
origin/master, 11
ahmed, 4
deleted, 6
samy, 1
tgjh, 1
test2, 5
aaa, 3
jenkinsfile, 205
create, 130
start, 17
sh, 23
web, 34
delete, 47
ds_store, 3
files, 58
background, 1
homepage, 4
application, 187
moify, 1
controller, 34
more, 35
objects, 4
text, 4
category, 1
entity, 4
translation, 1
first, 35
interceptor, 4
error, 23
handling, 10
new, 58
set, 21
up, 41
ci, 10
pipelines, 3
deploy, 22
group, 1
feature, 4
endpoint, 17
fixes, 3
java-2, 1
some, 32
code, 55
issue, 13
use, 40
git, 21
data, 17
greeting, 35
sentry, 1
java, 197
mtc, 2
build, 161
gradle, 67
name, 34
txt, 18
file, 133
i, 28
license, 8
writing, 2
qasda, 1
asdq, 1
asda, 3
t, 7
3, 42
4, 29
jenkins, 14
bug:, 1
mockmwc, 1
passes, 1
but, 8
performing, 3
real, 2
request, 74
fails, 2
error:, 1
string, 11
parameter, 8
not, 36
present, 1
mutual, 2
relation, 2
definition, 2
initial, 77
finish, 7
serving-web-content, 1
back, 16
creating, 18
the, 248
wallet, 1
app, 32
user, 25
view, 4
working, 39
saving, 2
last, 5
crappy, 1
stuff, 13
idcards, 1
and, 210
all, 15
functionality, 9
except, 1
users/{id}, 1
ability, 1
getuser, 1
get, 13
still, 28
one, 17
post, 5
email, 1
password, 2
done, 6
works, 14
flatten, 1
structure, 11
unnecessary, 4
rename, 17
readme, 224
doc, 11
commands, 7
service:, 1
a, 153
resource, 12
representation, 3
class, 37
make, 22
executable, 10
fixing, 25
tomcat, 11
deployment, 13
fixed, 49
tests, 42
404, 3
environment, 11
deployments, 7
allowed, 1
missing, 8
artifacts, 11
built, 2
war, 32
saved, 1
as, 26
artifact, 2
jdk, 5
tool, 18
again, 12
maven, 32
readded, 1
junit, 2
locations, 1
global, 2
see, 43
also, 51
links, 42
formatting, 15
headings, 1
pulled, 1
out, 10
explanatory, 2
pieces, 1
smaller, 1
based, 5
on, 37
feedback, 1
better, 6
artifactid, 3
updated, 133
https://github, 34
com/buzzardo/getting-started-guides, 1
poms, 2
should, 6
be, 17
ignored, 1
draft, 2
guide, 14
corrected, 4
pull, 68
#1, 42
mminella/master, 1
trying, 14
insert, 5
webclient, 1
between, 4
handler, 4
router, 1
unified, 1
that, 19
explains, 1
how, 10
simple, 10
reactor, 2
switching, 1
relative, 3
paths, 6
forgot, 1
brackets, 1
after, 12
an, 20
include, 6
switched, 4
initializr, 1
trail, 1
typo, 9
credit, 1
diodrf, 1
revert, 14
`produces, 2
=, 3
mediatype, 2
application_json_value`, 2
demonstrate, 8
broken, 14
hal, 3
output, 10
`@enablewebmvc`, 1
annotation, 8
yml, 101
pipeline, 47
via, 16
upload, 18
life, 4
note, 5
sonarqube, 2
change, 92
changed, 65
restructured, 5
comment, 16
in, 152
helloworld, 6
-, 29
deployable, 4
http://docs, 2
io/spring-boot/docs/current/reference/htmlsingle/#howto-create-a-deployable-war-file, 1
spring-guides/master, 7
light, 1
feature/r1_01, 8
rest, 45
into, 26
com/macsnow/gs-spring-boot-docker, 2
method, 17
log, 9
base, 5
api, 28
remove, 54
unuse, 1
imported, 2
参数校验, 3
分组校验（）, 2
@groupsequence{groupa, 2
groupb, 2
default, 16
class}, 2
public, 2
interface, 7
grouporder, 2
{, 2
}, 2
fix, 83
properties, 48
snippet, 3
block, 1
numbering, 1
ascii, 1
#2, 13
katheris/cloudant, 2
asciidoc, 1
typos, 3
section, 6
testing, 60
cloudant, 1
content, 10
azure-pipelines, 1
unsecured, 1
then, 6
securing, 1
it, 25
+, 25
sdf, 2
additionally, 1
edited, 2
made, 7
example, 20
bit, 2
shorter, 2
false, 1
positive, 1
cycle, 1
detection, 2
hellocontroller, 9
```, 1
<maven, 1
compiler, 4
target>1, 1
8</maven, 1
target>```, 1
formatted, 1
launch, 1
json, 16
using, 27
debug, 7
extension, 2
9222, 1
attach, 1
adoc, 75
reference, 11
brief, 1
overview, 1
completed, 16
feasibility, 1
study, 4
docker, 59
image, 13
creation, 2
com/spring-projects/spring-boot/issues/4794, 1
according, 2
com/spring-projects/spring-boot/issues/4664, 1
show, 2
requestcontextfilter, 1
gets, 1
instantiated, 1
1, 110
2, 40
7, 6
0, 52
hazim1093/oauth-test, 1
*, 20
domain, 3
persisted, 1
token, 2
mappings, 1
call, 8
retrieve, 2
facebook, 2
mapped, 1
修改docker插件版本, 1
sidebar, 1
about, 13
topical, 1
upgrade, 40
20181017，合并最新原项目代码，放开编译时解包以处理以非, 1
文件形式运行, 1
spring-boot, 10
项目, 1
hunter/master, 4
更新, 1
dockerfile-maven-plugin, 1
插件, 1
更新到原作者分支, 1
xml缩进调整, 1
更新到原作者分支，并调整主项目pom, 1
xml文件, 1
更新上20171009的阅读文档说明, 1
注释掉maven编译安装的upack操作, 1
注释掉自动编译及推送, 1
测试原方式是否满足指定server, 1
‘更新到原作者的主分支’, 1
添加镜像仓库位置，以官方dockerhub为例，测试是否可以, 1
修改提交至个人dockerhub，测试是否可以提交, 1
指定pom, 1
xml文件路径, 1
theme, 1
jekyll-theme-merlot, 1
enable, 9
bazel, 1
clarify, 2
requestmapping, 1
cambio, 4
en, 3
vivo, 1
demo, 21
accenture, 1
globant, 1
acerto, 1
2way, 13
bot, 1
botting, 1
funcs, 1
hold, 2
logging, 13
greetingcontroller, 15
got, 2
ish, 1
sanity, 1
travis, 41
heroku, 12
generated, 5
xx, 1
xxxx, 1
etc, 2
silliness, 2
x, 8
thinking, 1
!=, 1
!==, 1
cases, 3
each, 3
layer, 2
support, 40
unit, 13
restful, 7
inital, 1
project, 39
aa, 1
com/vammyk/gs-messaging-stomp-websocket, 1
serach, 1
making, 2
hackathon, 1
try, 20
jruby, 1
batch, 11
fontawesome, 8
vaadinicons, 8
cancel, 2
button, 3
bug, 13
mstahv/master, 11
upgraded, 9
kotlin;, 6
improvements, 6
replaced, 8
icon, 7
obsolete, 6
related, 7
guides, 6
minor, 19
do, 9
kotlin, 22
compiling, 6
customereditor, 12
converted, 13
karibu-dsl, 12
conversion, 7
vaadinui, 6
optimize, 1
gridfastnavigation, 1
mvn, 13
extending, 1
complete, 30
both, 4
hystrix, 1
actuator, 8
dep, 1
showing, 4
closed, 1
when, 10
fallback, 1
kicks, 1
match, 6
release, 54
restoring, 1
organize, 2
imports, 4
ditch, 1
person, 10
aspects, 1
cleanup, 15
encapsulation:, 1
package, 10
writer, 1
takes, 1
move, 17
failed, 3
conception, 1
refacto, 1
ditching, 2
database, 22
lookup, 1
conf/scaffold, 1
separation, 1
cnfiguring, 1
many, 1
jobs, 1
two, 7
writers, 1
configured, 3
job, 1
configure, 4
work, 28
progress, 25
shutdown, 3
by, 26
verify, 1
setup, 14
install, 8
-e, 1
cloudbuild, 9
tag, 13
step, 3
run, 19
prefix, 7
task, 7
edit, 14
compose, 5
so, 9
can, 12
container, 5
amazon, 1
dynamodb, 1
others, 1
instead, 17
local, 14
dir, 11
doesnt, 4
log4j2, 3
upadate, 1
mod, 7
oauth2, 3
adsf, 2
adf, 2
sample, 11
service, 39
nshopova/reporting, 1
[], 1
log4j, 2
丰富readme文件, 1
添加filter已经filter配置文件filterconfiguration，filter的顺序在配置文件中的先后顺序决定, 1
添加配置形式实现的, 1
xml。以war包形式发布的时候需要这个类, 1
引入joda时间相关jar，修改启动类位置说明, 1
修改application类的位置, 1
添加动态显示时间效果, 1
更新包版本结构，将application文件抽取出来。controller层单独分包, 1
采用wa形式打包, 1
添加readme文件, 1
creadted, 1
sprint, 2
datasource, 5
parent, 7
configuration, 35
knowing, 1
spingmvc, 1
deeply, 1
template, 15
skaffold, 3
mysql, 6
backing, 3
emphasizing, 1
maturity, 1
model, 13
bookmarks, 2
spring-projects, 1
/status, 1
edits, 2
hello, 12
world, 8
firs, 1
program, 3
tp2, 2
attempting, 6
investigate, 7
why, 7
stage, 7
temporarily, 2
prod, 6
artifactory, 15
non, 4
openshift, 3
login, 10
rather, 2
than, 3
nonprod, 1
:, 27
just, 11
purposes, 2
only, 11
extra, 3
brace, 1
at, 10
currently, 2
additions, 2
stil, 1
formative, 1
original, 5
git_test, 1
py, 1
modified, 18
tools, 2
repository, 17
cant, 1
access, 3
site, 3
202, 1
cleaned, 6
little, 4
adapting, 3
async, 3
gitignore, 12
procfile, 4
status, 2
ports, 2
intellij, 3
idea, 3
defaults, 1
wrapper, 9
8, 14
point, 2
trankimvu, 1
push, 22
registry, 4
phase, 2
common, 3
8080, 2
8989, 1
stupidgit, 1
-mgit, 1
-m, 1
bleh, 1
コメントコード追加, 1
pushing, 2
experiment, 2
readme2, 2
md, 42
[et], 1
specs, 1
[rset], 2
notification, 4
mock, 2
bin, 3
manifest, 8
able, 1
pcf, 2
utlizando, 1
eclipse, 9
other, 4
services, 2
cloud, 7
1-release, 1
old, 2
case, 8
remain, 1
lambda, 1
instantiating, 2
inner, 2
functionaity, 1
calculator, 4
undertow, 3
script, 40
tutorial, 32
walkthrough, 1
response, 3
array, 2
ajuste, 2
no, 13
javascript, 2
que, 1
verifica, 1
se, 9
o, 2
usuário, 1
está, 1
autenticado, 1
ssl, 3
future, 3
following, 2
turtorial, 1
engine, 1
rpc, 3
home, 2
注释, 1
jms队列的并行消费者及消息监听容器的线程池设置, 1
jms, 3
queue的消费者多线程消费消息实例, 2
jj, 1
exception, 7
handeler, 1
nomatchinguserexception, 1
dao, 4
renamed, 10
customer, 9
clean, 16
basic, 14
springt, 2
crud, 6
swagger, 5
off, 3
uppy, 1
mini, 1
res, 1
folder, 17
v1, 4
remo, 1
100, 2
50, 2
cms, 2
modify, 27
type, 7
switch, 2
variables, 4
correct, 7
impl, 2
com/owen198/ei-paas-java-example, 1
pointermath, 1
key, 4
ft, 1
elasticsearch, 1
withjfrog, 2
apptest-5, 1
check, 11
=>, 2
ref, 1
lombok, 2
getmapping, 1
postmapping, 1
a-bootiful-client, 3
hide, 2
answers, 1
root, 12
spelling, 2
mistake, 1
slave, 2
labels, 2
extend, 7
improve, 3
agent, 8
sudo, 2
replace, 7
restructure, 3
easy, 2
define, 2
springboot, 3
directly, 1
generate, 8
multi-module, 1
usage, 4
dependencymanagement, 1
discard, 1
grandle-related, 1
things, 4
notes, 1
advertized, 1
soap, 2
address, 1
authentication, 2
ws, 8
practice, 1
scheduler, 2
enablewebmvcsecurity, 1
deprecated, 5
gridle, 2
everything, 1
binaries, 1
src, 4
&, 10
copy, 8
scc, 1
实现两种结果的处理, 1
增加端口修改类。, 1
增加为伪接口返回, 1
kanaparthikiran/add-license-1, 1
visitor, 2
persistence, 3
postgres, 3
customise, 3
serviva, 1
più, 1
prova, 4
per, 8
stefano, 1
usercommandlinerunner, 1
userrepository, 2
getters, 2
constructor, 3
fields, 2
userdata, 2
saurav, 2
2nd, 1
reflect, 5
hub, 4
where, 2
run:, 1
-p, 1
8080:8080, 1
-t, 1
springio/gs-spring-boot-docker, 1
main, 5
controllers, 1
models, 2
guava, 3
dependencies, 7
lists, 1
names, 4
biolerplate, 1
newline, 2
unix, 1
standard, 1
quotes, 12
detail, 2
tidy, 1
wordcontroller, 2
wordcontrollertests, 1
simplify, 6
spring-guides/gs-consuming-rest#13, 1
tp, 2
added1, 1
emailed, 1
instructions, 7
bookshop, 1
[gradle, 4
plugin], 4
commit:, 4
3-snapshot, 1
pre, 2
dumb, 1
2-snapshot, 1
pcc, 1
unuesed, 1
component, 2
angular, 4
js, 5
tweaks, 1
object, 12
maven-wrapper-3, 1
9, 3
->, 2
kubernetes, 2
incorporación, 1
del, 7
archivo, 1
de, 20
configuración, 2
limpieza, 1
código, 2
organización, 1
configurar, 1
eliminación, 1
proyecto, 1
inicial, 2
para, 9
compilación, 1
mq, 1
command, 8
fanout, 1
pattern, 1
refactor, 6
mudado, 2
three, 1
upgrading, 4
target, 4
upstream/master, 1
comprehensive, 1
self, 3
inccludes, 1
whitespace, 4
integration, 8
ids, 3
or, 5
index, 6
correcting, 1
contents, 2
steps, 4
multiple, 5
entry, 3
points, 3
inclusao, 1
untitled, 6
diagram, 5
scheduledtasks, 1
quote, 4
value, 5
neo4j, 3
relics, 1
增加说明, 1
测试插入数据mongodb的性能, 1
配置文件同步到redis, 1
rest+docker, 1
extjs, 5
重构；, 1
完成, 2
翻页状态条刷新新增记录，删除记录。, 1
form, 5
记录form, 1
数据校验完成, 1
中抽取的方案完成解耦；, 1
grid, 4
的配置优化, 2
getstore, 2
的问题, 2
完成filter, 2
方法的无缝整合, 2
完成后端返回值的规范处理，processreponse, 1
完成用户操作之后的提示信息afterrequest, 1
完成controler级别变量定义，总记录数，total, 1
完成form, 1
方式编辑与新增, 1
todo, 2
remote, 5
filter, 1
增加渠道管理代码；, 1
增加消费者客户端js;, 1
http://127, 1
1:8080/admin, 1
测试, 2
安全框架, 2
jdbcsecurityconfig, 2
便于固有系统的集成，整合原有的用户权限表；, 2
usersecurityconfig, 2
便于新系统的建立，自动建立数据表。, 2
初始化, 1
配置msqyl运行环境, 1
exclude, 1
bettercode, 1
building, 4
directory, 15
convenience, 1
name;, 1
repositories, 2
gosh, 1
if, 7
v4, 2
wonderful, 2
verycool, 1
wrappter, 1
shoutcut, 1
scripts, 4
execute, 3
init, 12
sql, 7
jar-yml, 1
bootstrap-3, 2
7-dist;, 1
path, 22
/api/xxxx, 1
7-dist, 1
chage, 2
source, 4
war-yml, 1
h2, 4
profile, 7
veriosn, 1
generate-ddl, 1
cool, 1
dont, 4
ue, 1
going, 1
auto, 1
ddl, 2
like, 3
page, 11
colume, 1
anyway, 1
attribute, 3
banner, 3
character, 1
utf-8, 1
chinese, 1
context, 5
absolute, 1
pages, 2
ip, 5
kill, 3
me, 5
you, 5
patch, 2
overrides, 1
readonly, 1
eureka, 2
增加增删改查操作, 1
convert, 3
yaml, 7
代码调整, 3
strip, 1
employee, 1
refactorings, 1
findall, 1
employees, 1
workflow, 1
wafc, 2
changing, 5
executor, 1
bean, 3
explaination, 1
svenugopal91/logintoplanyourtrip, 1
planyourtrip, 1
small, 7
proguard, 2
sgologuzov/master, 1
documentation, 13
errors, 6
stringer, 3
obfuscation, 1
obfuscator, 1
fake, 5
io, 2
returning, 1
message, 27
manimest, 2
spring-boot-starter-web, 1
oracle, 5
connect, 3
ubuntu, 3
success, 2
jdbc, 7
driver, 1
incorrect, 1
results, 5
customerservice, 1
改一改, 1
适应服务器端, 1
实验服务器端, 1
完成上传文件。。。本机实验成功。。。。, 1
rearranging, 1
rearranged, 1
com/spring-guides/gs-consuming-web-service, 1
updating, 9
fork, 5
builds, 2
dependency, 13
running, 12
link, 16
digi, 1
user-forward-headers, 1
excutable, 1
去除@enableautoconfiguration注解, 3
juhyun/support/docker, 1
docker를, 1
이용해서, 1
application을, 1
띄워본다, 1
jenkins_type, 1
actually, 2
rights, 3
anon, 2
ffs, 1
read, 3
csrf, 1
jenkinfile, 1
unused, 8
import, 6
messaging, 2
security, 8
swirling, 1
spinners, 1
autogenerate, 1
scroll, 1
lazy, 1
list, 2
dev模块, 1
comments, 9
manifests, 1
variable, 4
craete, 1
goodbye, 1
outline, 1
look, 1
right, 6
double, 4
concourse, 3
crash, 2
https, 1
keystore, 7
key/cert, 1
/keylength, 1
long, 1
encryption, 1
keys, 1
activate, 1
dto, 1
learning, 2
transactions, 1
isolation, 2
practicing, 1
mavan, 1
101, 1
si, 1
entirely, 1
polish, 4
init->compl, 1
values, 8
kafka, 1
development, 4
master:, 1
make-war, 1
traditional, 1
com/darkchoco/gs-rest-service, 1
whitelisting, 2
webhook, 7
accordingly, 1
workaround, 3
http://stackoverflow, 1
com/questions/34545997/put-and-post-fail-on-unknown-properties-spring-different-behavior, 1
executable/deployable, 1
kubectl, 1
dry-run, 1
k8s, 4
com:spring-guides/gs-spring-boot, 1
com:suhuruli/gs-spring-boot, 1
servicefabric, 1
url, 15
principal, 4
/, 9
extract, 4
authorized, 2
db, 16
authorization, 3
reorder, 4
packages, 4
method-name, 1
restart, 1
research, 2
commandlinejobrunner, 3
does, 4
fit, 1
requirement, 1
decided, 1
joblaunchercommandlinerunner, 1
which, 8
fits, 1
requirements, 3
jobrepository, 1
connection, 7
property, 10
shows, 1
itself, 1
springbootapplication, 1
initialization, 2
process, 5
need, 7
now, 9
think, 2
putting, 1
oops, 1
custom, 9
autowire, 1
arbitrary, 2
moved, 7
instantation, 1
mvcconfig, 1
authsucchandler, 1
orig, 1
fixes:, 1
appearing, 1
docs, 5
pod, 1
ali, 1
dev, 3
regn, 1
flow, 3
增加发布到docker的需求, 1
修改gradle的修本并自定义一个协议, 1
server, 12
context-path, 1
-x, 2
automate, 1
ecs, 1
builddep, 1
p, 2
vc, 1
wibbs, 1
volume, 1
private, 7
register, 2
getting, 6
started, 6
demonstrating, 1
spring-data-gemfire, 1
caching, 5
asp, 1
inclusão, 1
alteração, 1
setting, 5
sonarcloud, 3
levels, 2
slf4j/logback, 1
category-lookup, 1
google, 15
graph, 1
enabled, 3
joda-time, 1
增加发送给个人, 1
mucking, 1
parameterbuilder, 1
non-standard, 1
enums, 1
rds, 8
aurora, 1
cluster, 1
generates, 1
part, 3
ec2, 1
described, 1
outputs, 1
nearly, 1
workable, 1
order, 3
deploys, 2
ebs, 2
ships, 2
correctly, 2
hoorah!, 3
migrated, 2
cloudformation, 2
templates, 4
*and*, 1
next, 8
hacking, 3
aws, 12
rebuild, 3
scripting, 1
m1, 3
commons-data, 1
spring-snapshots, 2
spring-milestones, 2
external, 2
lets, 4
devtools, 2
we, 6
run/debug, 1
spring-boot-starter-remote-shell, 1
http://www, 1
crashub, 1
org/, 1
git-commit-id-plugin, 1
generating, 4
your, 4
own, 4
meta-data, 3
processor, 3
way, 6
follow, 2
convention, 1
b, 2
mongodb, 8
externalized, 1
check:, 1
com/spring-projects/spring-boot/issues/2852, 1
https://jira, 2
io/browse/datarest-540, 1
58, 1
packaging, 5
jackson, 3
requires, 1
setter, 2
spring-boot-maven-plugin, 2
purpose, 4
tostring, 3
pojo, 2
repositoryrestmvcconfiguration, 1
bongani, 1
klaas, 1
commons-io, 1
library, 2
ps:, 1
have, 11
already, 2
shoulddownloadfile:, 1
content-type, 1
stead, 1
content-disposition, 1
serve, 1
its, 4
配置redis作为缓存方案, 1
side, 1
load, 5
balancing, 1
ribbon, 1
practise, 1
registration, 1
discovery, 1
micrometer, 2
breaking, 1
jpa, 8
layout, 4
website, 1
gs, 2
serving, 2
修改, 4
minimal, 1
problems, 2
‘weather, 1
service’, 2
references, 2
‘stock, 1
market, 2
bcrypt, 1
wtp, 1
easier, 1
reproduce, 4
1000, 3
nicer, 1
logs, 4
problem, 6
5, 28
adde, 2
testfile, 1
commiting, 1
com/rajdash/gs-serving-web-content, 5
smoketest, 1
bumped, 2
snapshot, 4
bumptonextsnapshot, 1
bumptonextrelease, 1
smoke, 1
raj, 2
raja, 1
deleting, 1
addd, 1
space, 1
syhi, 1
sysout, 1
reset, 5
succ, 1
history, 1
hard, 1
another, 3
com/andyliu1985/gs-scheduling-tasks, 1
[test, 2
git], 2
@springboot, 2
@springcloud, 1
finchley, 1
err, 1
asdasd, 11
asasd, 2
asd, 4
asdas, 1
qweqwe, 1
hide/show, 2
classes, 13
reenable, 2
hide-show, 1
macros, 3
tweak, 14
something, 1
else, 1
float, 2
put, 3
[float], 1
discrete, 2
reveal, 1
s, 2
toc, 1
caused, 3
previous, 1
because, 3
naming, 2
conflict, 1
##9, 1
origin, 2
hopes, 1
resolve, 3
confusion, 1
surrounding, 1
scheme, 3
used, 9
{id}, 1
expected, 7
type;, 1
number, 1
vaadin, 2
10, 5
jobexecutiondecider, 1
resourceaware, 1
multiitemreader, 1
refactoring, 16
agg, 1
nuovo, 2
aggiornamento, 1
[maven-release-plugin], 6
prepare, 7
iteration, 3
scm, 9
provider, 1
id, 6
filed, 1
are, 10
restructred, 1
return, 12
reorg, 1
recv, 1
handle, 2
specifying, 1
cf, 5
credentials, 9
consolidated, 1
further, 2
understanding, 1
mvc, 2
:-, 1
/instance, 1
prints, 1
instance, 3
pinged, 1
pws, 1
mongo, 4
seed, 1
file!, 1
creates, 1
populates, 1
collections:, 1
shippinglist, 1
mail, 2
carriers, 1
testusers, 1
randomly, 1
heroes, 1
pass!, 1
working!, 1
pass, 4
will, 9
operations, 1
random, 5
super, 2
hero, 3
service!, 1
served, 1
/quote, 1
handful, 1
famous, 1
chosen, 1
helpful, 2
onboarding, 1
bash, 1
history!, 1
few, 3
down, 2
starter, 2
forked, 3
com/spring-guides/gs-rest-service, 1
acct, 1
quick, 3
resources, 2
framework, 1
early, 1
important, 1
top, 2
level, 2
surefire, 4
forking, 4
execution, 3
time, 8
without, 4
vms, 1
travisci, 2
take#1, 1
vm, 1
forkcount, 1
attempt, 3
turbocharge, 1
parrallelization, 1
circleci, 11
combine, 1
sections, 1
circle, 9
permissions, 2
shell, 2
manual, 1
parallelization, 2
increase, 5
count, 1
jdk8, 1
fixed:, 2
ie, 1
prepend, 1
append, 2
once, 1
processed, 1
clear, 3
messages, 5
dropped, 1
disconnect, 1
timeout, 3
mins, 1
msg, 2
updated2, 1
com:payne/gs-accessing-data-jpa, 1
did, 3
applicationpostgres, 2
guideのディレクションに従い修正, 1
hi, 1
you?, 1
/tmp/src, 1
buckets, 1
s3, 4
swapped, 1
region-specific, 2
bucket, 4
uses, 4
while, 2
refers, 1
bucket-name, 1
e, 9
incorporates, 1
region, 2
created, 8
appspec, 1
body, 1
necessary, 1
intruducting, 1
ways, 1
unecessary, 2
title, 1
thymeleaf, 2
mg-309, 15
optimizing, 1
simplifying, 1
migrating, 2
spel, 2
second, 13
solution, 2
quality, 1
generify, 1
persistent, 4
lost, 3
sent, 2
dlq, 5
mg-296, 45
mode, 3
jmstemplate, 1
needle, 1
columns, 3
was, 7
enqueue, 2
gap, 1
options, 3
balanced, 1
queue, 10
publish, 3
converter, 6
cache, 1
mbean, 1
search, 4
implement, 5
detials, 1
admin, 1
loadbalanced, 1
solved, 1
yet, 2
single, 3
consumer, 5
withdraw, 2
npe, 2
completing, 4
nonblock, 1
consume, 3
migrate, 1
criation, 1
methods, 10
redelivery, 4
receiver, 3
listener, 3
policy, 1
delay, 1
redeliverying, 1
sleep, 1
maximize, 1
batchmessagelistener, 1
com/mageddo/gs-messaging-jms, 1
preparing, 1
destination, 1
grammatic, 1
moving, 3
consumers, 2
dinamically, 1
table, 10
jmx, 1
management, 3
parametrization, 1
issues, 1
send, 1
increases, 1
performance, 3
integrate, 2
swapping, 1
pool, 2
pooled, 1
compilation, 3
increasing, 1
limit, 3
queues, 1
before, 2
turning, 1
scalable, 1
robust, 1
consumes, 1
creationc, 1
declaring, 1
dinamycally, 1
creator, 1
bitcoin, 2
crashing, 1
price, 3
dummy, 4
sprintboot, 1
springapplication, 1
incremented, 1
counter, 1
input, 1
/greeting, 1
reverted, 2
1f1bca3, 1
samplecontroller, 1
absent, 1
bookmarkresource, 1
jhoeller, 1
urls, 2
test3, 1
änderung, 1
meldung, 1
temp, 5
ads, 7
mapping, 3
centroid, 1
round, 1
click, 2
impressions, 2
ad, 6
params, 2
nearest, 1
neighbors, 1
size, 2
dominated, 2
final, 4
skyline, 4
correction, 4
part2, 1
area, 1
null, 6
polygon, 1
scenario, 1
#8, 1
agbpatro/bugs, 2
well, 3
#7, 1
remaining, 2
apis, 5
#6, 1
agbpatro/sri, 1
com/agbpatro/geospatial587, 1
sri, 1
persons, 1
logic, 3
select, 2
impression, 2
print, 4
connectionstring, 1
create_table, 1
conn, 1
#5, 2
agbpatro/fence, 1
fencing, 1
c:\log4j-application, 1
ignore, 8
#4, 1
agbpatro/postgres, 4
#3, 4
relational, 2
tables, 1
wrappers, 1
additional, 3
entities, 1
partial, 1
ds, 1
store, 2
conflicts, 2
dokcer, 1
getter, 2
loggers, 1
com:agbpatro/gs-spring-boot, 1
removal, 4
scheduling-task-executor, 1
alpine, 2
openjdk, 3
offical, 1
invio, 1
stable, 1
modificato, 2
percorso, 1
dei, 4
report, 1
full, 2
une, 1
directive, 2
cambiato, 1
il, 6
sub, 2
adder, 1
sovrascritto, 1
da, 4
quello, 1
livello, 1
superiore, 1
risultati, 1
starting, 4
:d, 2
java:8, 1
cmd, 1
line, 2
assume, 1
yes, 1
add-apt-repository, 1
dockerfile/ubuntu, 1
color, 1
retry, 6
times, 3
over, 4
quotation, 1
marks, 1
label, 2
expression, 1
progmultiple, 2
stages, 2
progagent, 1
rbe:, 3
dockerbinary, 1
logger, 2
writes, 1
console, 2
refactored, 2
stand-alone, 1
closing, 1
>, 1
system, 4
println, 1
server-side, 1
instead!, 1
apache, 1
defined, 2
ready, 2
mode:, 1
warn, 1
constructors, 4
work-in-progress, 4
exists, 2
fetch, 1
work-in-progress:, 1
exist, 1
testar, 1
metod, 1
jag, 1
lägger, 1
till, 3
ändrat, 1
från, 1
libraryall, 1
lagt, 1
anteckningar, 1
dependancy, 1
finished, 8
commandlinerunner, 1
@bean, 2
onsen, 1
country, 2
ifalko/ifalko-patch-1, 1
countryrepository, 1
fitst, 1
duhfiuj, 1
arg, 1
accessing, 1
@enablemongoauditing, 1
nested, 1
annotated, 1
w/jsonproperty, 1
illustrate, 1
sso, 4
passed, 1
explicit, 1
@xmlrootelement, 1
ok, 8
shiva, 1
har, 1
harish, 1
fabric8io/docker-maven-plugin, 1
quartz, 1
dynamic, 1
invoke, 1
depracated, 1
inject, 1
[add], 3
fleetmon, 4
consuming, 1
jsons, 1
kjas, 1
destinations, 2
publishing, 2
ramdom, 1
selection, 1
spring-session, 1
redis, 3
topic, 1
com/raphaelherd/gs-rest-service, 2
sec, 1
com:raphaelherd/gs-rest-service, 1
inconsistent, 1
crudrepository, 1
jparepository, 1
tut, 1
maven-compiler-plugin, 1
amend, 1
induce, 1
meetup, 1
injected, 1
failure, 1
induced, 1
fail, 1
useless, 2
validate, 2
fine, 1
git@github, 1
com:albertolop85/gs-spring-boot, 1
configuring, 5
webapp, 3
·, 1
http://spring, 3
io/guides/gs/rest-service/, 1
changed:groupid, 1
smartkit, 1
projects, 1
auth, 2
itsnow, 1
com/ultra-devs/gs-producing-web-service, 1
[added, 1
description], 1
webflux, 1
springcloud, 1
immutables, 1
googleoauth, 1
hateoas, 2
w/, 1
spring-hateoas, 1
tomcat6, 1
で, 1
デプロイ実行できること確認。, 1
stuffed, 1
route, 1
foundry, 3
fixsocial-auth-server, 1
social-github:, 1
browser, 1
etl, 2
chunk, 2
pagination, 1
profiles, 2
playground, 1
metrics, 1
heres, 1
bottle, 2
param, 3
hellocontrollertest, 3
location, 2
localhost, 1
locking, 1
jersey, 1
modules, 2
configurable, 1
vulicny/intial-changes, 1
addint, 1
com/selvasingh/gs-spring-boot-docker, 1
print-env, 1
env, 15
logstash, 2
wildfly, 1
joda, 2
demonstrates, 2
localdate, 1
args, 2
sd, 2
stackdriver, 1
compile, 2
rc1, 1
settings, 3
directories, 1
unwanted, 1
@service, 1
collection<publicmetrics>, 1
review, 2
logback, 1
sandbox, 1
gapi, 1
sign, 1
sign-on, 1
download, 4
curl, 5
hardcode, 3
find_culprit, 1
runnable, 1
debugging, 2
culprit-finding, 1
ifttt, 1
wrong, 3
higher, 2
great@, 1
term, 1
ls, 2
ermagod, 1
images, 5
v6, 1
imges, 1
v3, 1
v2, 2
storyboard, 1
ats, 2
dictionary, 1
viewcontroller, 1
swift, 1
6, 17
responded, 1
echo, 2
separate, 2
stompjs, 1
sockjs, 1
echohandler, 1
disable, 1
kubectl_setup, 1
gs-spring-boot, 3
pagingandsortingrepository, 1
kind, 1
templatemaven, 1
arm, 3
acr, 1
bla, 1
woot, 1
trigger, 9
clone, 1
ideas, 1
applicationcontextinitializer, 1
@value, 1
listeners, 1
iu-2018, 1
<lightning@lightnings, 7
xml	create, 2
androidstudiofirstrun, 1
iu-2017, 6
keymap, 1
ui, 1
lnf, 1
ide, 3
general, 1
laf, 2
colors, 1
databasesettings, 1
_@user_darcula, 1
icls, 1
debugger, 2
renderers, 1
vcs, 1
github_settings, 1
probably, 3
cmc, 4
util, 1
optional, 1
+delete, 1
persist, 1
end, 2
finals, 1
finishing, 1
algorithm, 4
1st, 3
seconds, 5
sum, 2
column, 1
excluded, 1
row, 1
counting, 1
itsself, 1
runs, 1
rows, 7
however, 1
theres, 2
cryptocurrency, 1
updatetable, 1
hybrid, 2
take, 2
goog/face/twit, 1
cap, 1
social, 1
parts, 1
passing, 2
coin, 1
hybridapp, 1
reduced, 3
refresh, 2
day, 1
coins, 2
calling, 3
googlebug, 1
couldnt, 1
logged, 1
being, 1
stopped, 1
pointer, 3
checker, 1
nothing, 2
getvalue, 1
cleans, 1
spam, 1
overwrites, 1
existing, 1
applicationtest, 3
prep, 1
springfox, 2
swagger2, 2
christseng89/patch-1, 1
-alpine, 1
gradle:jdk8, 1
jfrog, 2
implemented, 5
tabs, 2
spaces, 2
display, 1
feign, 2
mvnw, 1
cas, 1
mention, 1
stop, 1
too, 2
describe, 1
must, 1
write, 2
bound, 1
db_schema, 1
place, 1
handlebars, 1
`applications, 1
properties`, 1
`config`, 1
builder, 4
bind, 2
clean-up, 1
plan, 6
habitat, 4
scaffolding, 1
provides, 1
bump, 6
help, 3
find, 4
adds, 3
kick-off, 3
build?, 1
mandelbrot, 2
object-orientied, 1
com:athuljayaraj/gs-messaging-stomp-websocket, 1
curve, 1
third, 3
downstream, 1
asdfdsf, 1
sakjfd, 1
checking, 2
users, 1
postgresql, 1
buildspec, 3
cfg, 1
grant, 1
添加ribbon项目测试, 1
修复未引入包, 1
测试获取数据, 1
配置注册集群地址, 1
单server配置文件, 1
配置eureka集群信息, 1
pom打包成可执行jar, 1
http://heidloff, 1
net/article/usage-of-swagger-2-0-in-spring-boot-applications-to-document-apis/, 1
applications, 1
document, 4
oauth, 3
different, 5
authorities, 1
depending, 1
authentification, 1
alternative, 3
bad, 2
personal, 2
explanation, 1
diconnect, 1
merged, 1
head, 2
improvements:, 1
jquery, 1
implementation;, 1
@springbootapplication;, 1
flaviodev/migrating-to-1, 1
sending, 2
implementing, 1
@header, 1
header, 2
clientid, 1
skeleton, 1
provide, 2
uri, 1
pii, 1
jaycoon/patch-1, 1
modifying, 2
apprenda, 1
mechanism, 1
packaged, 1
archive, 1
com/apprenda/gs-rest-service, 2
deploymentmanifest, 1
primeros, 1
pasos, 1
practica, 1
sts, 1
had, 3
auth-server/, 1
nobug:, 1
change!!, 1
sdeleuze/idiomatic-kotlin, 3
idiomatic, 3
migration, 3
newcommit, 1
threadsleep, 1
boot-startes, 1
module, 4
githubd, 1
simpled, 1
logoutd, 1
require, 2
requirednew, 1
transaction, 2
learn, 1
benchmark, 1
information, 1
liquibase, 1
initialise, 1
baseclass, 2
mockitonjunitrunner, 2
whole, 2
apply, 1
@marcingrzejszczak, 1
test/run, 1
contract-rest-client, 1
contract-rest-service, 1
marcingrzejszczak/changes, 1
wiremock, 1
initial/, 1
contract-rest, 1
empty, 2
format, 1
heavy, 1
simplified, 3
adicao, 1
controle, 1
conexoes, 1
por, 2
eventos, 1
secure, 1
username, 2
headers, 1
wss, 1
interceptors, 1
spring-ws, 1
deps, 4
gem, 1
lok, 1
heroku-maven-plugin, 1
pooling, 6
mvoe, 1
attributes, 1
submission, 1
schedule, 2
dia, 2
ricardobaumann/rest_controller, 1
mon, 3
troisieme, 1
dans, 3
intellij!!!, 3
permier, 1
mapperfail, 2
unknown, 2
mongoquerycreator, 1
throwing, 2
ignorecase, 1
allignorecase, 1
invoked, 1
argument, 2
initializer, 1
lib, 1
business, 1
close, 1
not-needed, 1
@component, 1
pom-x, 1
添加了贝叶斯和tfidf, 1
see:, 1
https://spring, 3
io/blog/2014/07/15/spel-support-in-spring-data-jpa-query-definitions, 1
io/guides/gs/spring-boot/, 1
com/jskomurski/gs-rest-service, 1
storage, 1
adefe, 1
poll, 4
repos, 3
vscode, 1
force, 1
assemble, 2
statements, 1
s2i, 2
option, 2
personform, 1
obvious, 1
considered, 1
gs-spring-boot-docker-0, 2
输出, 1
的, 1
为环境变量, 1
增加, 1
打开, 1
ingress, 2
屏蔽, 1
添加, 1
部署文件, 1
配置, 1
ouput, 1
exchange, 1
product;, 1
objets, 1
plus, 1
bring, 1
calls, 1
same, 1
weblogic, 3
12, 3
perspective, 1
cleaning, 2
complete-debug-local, 1
uniform, 1
locator, 1
later, 1
manually, 1
aivong/aivong-update-jackson-link, 1
threadpool, 1
secondtest, 1
@slf4j, 2
haohao, 1
spring_boot, 1
contained, 1
multi-stage, 1
berthymack:, 1
play, 5
jetty, 2
field, 3
redefine, 1
behavior, 1
auditing, 1
phrasing, 1
duplicated, 1
word, 1
dd, 4
d, 3
ddd, 1
anchor, 1
gitattributes, 1
fakezinccontroller:, 2
generic, 1
specific, 3
available, 1
jsonresponsefolder, 1
requesting, 1
product, 3
returned, 4
wait, 2
populated, 2
offers, 1
details, 1
regression, 1
feature:, 4
fakezinccontroller, 5
getproductoffer, 3
hard-coded, 2
getproductdetails, 2
zinc-sdk, 2
releasing, 1
versions, 2
extended, 1
temporaryfakezinccontroller, 1
non-regression, 1
assembly, 1
descriptor, 2
thin, 1
addition, 1
springboots, 1
fat, 1
fast, 1
zincapi:, 2
zincs, 1
confirmation, 1
zincerror, 1
map, 3
camelhumped-entries, 1
underscore-typed-entries, 1
zincwebhooktype, 1
fake-zinc-dev, 1
fake-zinc:, 4
springbootactuator, 1
/shutdown, 1
graceful, 1
dirty:, 1
webhooks, 4
asynchronous, 1
catch, 1
released, 3
fake-zinc, 4
jonathanlalou/fake-zinc-dev, 1
30s, 1
fakecontroller, 1
fakezinc:, 4
[master, 14
e97c90b], 1
zinc:, 3
account, 1
precision, 1
obtained, 1
zinc, 2
support:, 1
although, 1
200, 3
4xx, 1
may, 1
assumed, 1
fd74cd6], 1
316dd48], 1
bulk:, 2
d492966], 1
idempotency, 1
orderrequest, 1
requestid, 1
8c33d50], 2
baseurl, 1
zincapi, 2
assethelper, 1
buildorderrequest, 1
bb30937], 1
orderrequestunittest, 1
d95d1b1], 1
2f98f2d], 1
commons-lang, 1
20170721, 1
2163c8d], 1
fro, 1
zinc-java-sdk, 2
postorder, 1
ba83797], 1
forced, 1
maxprice, 1
avoid, 2
surprises, 1
developing, 1
22ddfb4], 1
integration:, 1
pogo, 1
supportedretailer, 1
5da3d83], 1
p2p1-model, 1
dc1f90f], 1
retailer, 1
productid, 1
asset, 1
mavens, 1
jonathanlalou/jonathanlalou-patch-1, 1
rid, 2
isodates, 1
tdd-style, 1
sanda, 1
committed, 1
dockerfiles, 1
our, 1
under, 2
nginx, 1
appears, 1
improved, 1
clause:, 1
achieving, 2
000000/sec, 1
total, 2
20, 1
including, 2
startup, 1
overhead, 1
10000, 4
okay, 1
i’ve, 1
rowid, 1
opsd, 1
don’t, 2
believe, 1
has, 1
any, 2
effect, 1
means, 1
discover, 1
pk, 1
every, 1
big, 1
win, 1
since, 1
longer, 2
people, 1
in-memory, 1
checked, 1
installing, 1
operation, 1
reset-small, 1
locate, 1
900+, 1
records, 1
dataset, 1
leftover, 1
apostrophe, 2
shaves, 1
hack, 1
around, 1
achieved, 1
personwriter, 1
equally, 1
looks, 1
ultimately, 1
itemwriter, 1
parameterize, 1
~36, 1
here, 2
:primarykeycolumn, 1
eob_id, 1
upper, 1
contains, 1
sources, 1
메세지, 1
업데이트, 1
adding/refactoring, 1
doing, 1
multi, 1
room, 1
queco-aag/patch-1, 1
arregla, 1
la, 3
ejecucion, 1
los, 1
las, 3
pruebas, 2
cobertura, 2
queco-aag/master, 1
ponen, 1
todas, 1
tareas, 1
cambios, 1
corrige, 2
un, 3
comillas, 1
adaptamos, 1
usar, 1
coverage, 1
reports, 1
jacoco, 1
runner, 1
frizio, 7
first-commit, 2
greetingcontrollertests, 1
processing, 2
result, 3
janoulle/include-maven-url-for-gradle-plugins, 1
aggiunto, 1
recupero, 1
calcolo, 3
degli, 1
marches, 1
varie, 1
implementato, 4
ranking, 2
importato, 1
trend, 1
corso, 1
di, 5
implementazione, 2
goodnesscalculator, 1
alleggerito, 1
lanalyzerresult, 1
ottimizzato, 1
statistiche, 2
risolti, 1
salvataggio, 3
terminata, 1
goalsstats, 1
gestito, 1
winstats, 1
sui, 2
tempi, 1
fattori, 1
campo, 1
logica, 2
raggruppamento, 1
delle, 3
partite, 1
ogni, 1
team, 1
_0_, 1
_1_, 1
downloading, 1
matches, 1
passati, 1
prossimi, 1
messa, 1
fattor, 1
comune, 1
aggiunti, 3
nei, 1
champ, 2
completi, 1
rankingcriteria, 1
importantpositions, 1
concluso, 1
scaricato, 1
semi, 1
ultimato, 1
pulizia, 1
esempi, 1
inizializzazione, 1
corretta, 1
tipologiche, 1
creati, 1
inizio, 1
strutturazione, 1
richiami, 1
funzioanlità, 1
implementate, 1
po, 2
funzionalita, 1
come, 1
proprietà, 1
iniettate, 1
fatte, 1
prove, 1
configurazione, 1
proprieta, 1
ciaone, 1
annotations, 2
vk, 1
customized, 1
unsure, 1
what, 4
role, 1
maven-dependency, 1
exactly, 1
unpack, 1
to?, 1
keeping, 1
typical, 1
would, 2
rb, 12
-w, 1
flag, 1
interpreter, 1
complete/env, 1
complete/testing, 1
wildcard, 1
subject, 2
dns, 1
herokus, 1
cn, 1
1-way, 1
apigee, 1
cert, 1
truststore, 1
group/artifact, 1
secured, 1
wsdl, 2
customers, 1
strict, 1
xss, 1
payload, 1
markdown, 10
endpoints, 3
assign, 1
travelers, 1
wip, 1
som, 1
shift, 1
manager, 1
postman, 1
uploadform, 1
playing, 2
multipart, 2
#38, 1
warnings, 1
tah, 1
enhancement, 1
outside, 1
storageservice, 1
slack, 1
#30, 1
bclozel/testing, 1
13, 1
macro, 1
@springbootapplication, 1
limits, 1
#26, 1
contributing, 1
/upload, 1
f, 1
hola, 4
dupli, 1
veamos, 2
dos, 1
moar, 1
up-to-date, 1
committed:, 1
<file>, 1
unstage, 1
assignment, 2
frances, 1
anderson, 1
212179306, 1
never, 1
repeated, 1
font, 1
style, 1
fizzbuzz, 1
calculation, 1
keep, 2
cc, 1
resttemplate, 3
gitignoreの階層ミスを修正, 1
不要なディレクトリとファイルを削除し、comleteディレクトリをhomeディレクトリに変更, 1
lombokに対応, 1
spot, 1
proerties, 1
diagram1, 1
prueba, 3
cover, 1
parameterless, 1
primitive, 1
arguments, 2
description, 1
io/browse/spr-8933, 1
clientapplication, 1
agrega, 2
docker-compose, 3
uuid, 1
suppression, 1
uaa, 1
identity, 1
hortonworks/docker-cloudbreak-uaa, 1
userinfotokenservices, 2
providers, 1
twitter, 3
linkedin, 1
microsoft, 1
wire, 1
recognize, 1
/fs, 1
tried, 1
io/guides/gs/convert-jar-to-war-maven/, 1
io/spring-boot/docs/current/reference/htmlsingle/#production-ready, 1
ignoring, 1
roulette, 1
additionalwork, 1
tolerances, 2
accounting, 1
split, 2
primera, 1
aproximación, 1
peter, 1
#25, 1
fix-, 1
replacement, 1
health, 1
signup, 1
session, 2
almost, 1
done:, 1
ant, 1
extraneous, 1
repackage, 1
goal, 1
protobuf, 1
rm, 2
filled, 1
spike, 1
unimportant, 1
explaining, 1
jvm, 1
5005, 1
gradle関連のignore, 1
javalisson/curl-change-simple-quotes-to-double-quotes, 3
spring-guides/tweak-sagarrao, 1
revision, 1
ctx, 1
com/solomonqbq/gs-centralized-configuration, 1
使用最新版spring, 1
增加multiple, 1
repository样例, 1
fileupload, 2
boot:, 1
com/spring-projects/spring-boot/issues/7735, 1
routing, 1
http2, 1
non-web-context, 1
aaaggg, 1
gg, 1
ttt, 1
go, 3
chmod, 1
fabric, 1
converting, 1
inside, 1
scdf, 1
hsqldb, 1
8082, 1
conficts, 1
focusing, 1
abhishek-galoda/abhishek-galoda-patch-1, 1
boop, 1
banking, 2
tests/impl, 1
testjetkins, 1
override, 1
servlet, 1
增加配置文件, 1
bamboo, 1
greeter, 11
queries, 1
documents, 1
interpolate, 1
conrad, 1
re-added, 1
pivotal, 1
batch-mode, 1
bloats, 1
jre, 1
repository:tag, 1
redid, 1
directoy, 1
earlier, 1
folders, 1
been, 1
11, 1
dugging, 1
-r, 1
they, 1
gcr, 1
datadog, 2
statsd, 1
conf, 1
programmatically, 1
counters, 1
exported, 1
assumes, 1
restrictions, 1
applied, 2
instrumented, 8
insights, 8
uploading, 8
:sparkles:, 1
websocket, 3
:construction:, 1
backend, 1
gs-serving-web-content, 1
gs-spring-bootcamp, 1
gs-relational-data-access, 2
gs-accessing-data-jpa, 1
dockerdirectory, 1
reason, 1
hazelcastclient, 1
#11:, 1
hostname, 2
nur, 1
das, 2
getaggte, 1
pushed, 1
auskommentierten, 2
entfernen, 2
grafana, 1
prom, 1
prometheus, 1
promethius, 1
checks, 1
returns, 1
employeenotfoundexception, 1
seem, 1
configruation, 1
仿照netgl-blog进行配置, 1
rest测试成功，连mysql成功，需要进行整合, 1
io/guides/gs/rest-service/\#scratch, 1
adicionando, 4
módulo, 1
serviço, 1
tornando, 1
validações, 1
mais, 1
descritivas, 1
melhorando, 1
documentação, 2
alterando, 3
contexto, 3
/bankslips, 3
/rest/bankslips, 3
suporte, 1
atualizando, 3
pacotes, 1
configuração, 1
realizar, 1
com, 5
finalizando, 1
requisitos, 1
obrigatórios, 1
alterações, 1
atender, 1
ao, 1
negócio, 1
boletos, 1
pagamento, 1
foo, 1
binary, 1
speed, 1
recover, 1
io/guides/gs/consuming-rest/, 1
probes, 2
serverlet, 1
piss, 1
libs, 1
&&, 1
querydsl, 1
bluemix, 1
release/0, 3
cors, 1
develop, 2
feature/swagger, 1
introduces, 1
javazquez/master, 3
merging, 3
upstream, 1
no-longer, 1
tree, 1
spock, 3
uncommenting, 1
testcompile, 1
certificate, 1
needs, 1
succeed, 1
command:, 1
keytool, 1
-import, 1
-file, 1
gs-spring-boot-docker-demo-certificate, 1
cer, 1
-alias, 1
docker-demo-cert, 1
-keystore, 1
$java_home/lib/security/cacerts, 1
com/javazquez/gs-spring-boot-docker, 1
fortunecookiezen/master, 2
syntax, 1
cn=localhost, 1
securetomcatconfiguration, 3
automatically, 1
helloworldconfigurationtests, 1
identify, 1
302, 1
hardcoded, 1
keystor, 1
redirect, 1
dockerhub, 1
account:wq, 1
vai, 2
planeja, 1
teste, 1
integracao, 1
planeta, 1
perons, 1
signed-off-by:, 2
philip, 2
<philipdekock@gmail, 2
com>, 2
inmemoryauthentication, 1
commented, 1
network, 1
prepared, 1
bank, 1
app:, 1
accounts, 1
persistant, 1
recommended, 1
rabbitmq, 2
schedular, 3
name=masabunの場合の判定を追加, 1
チュートリアルを進めてみました。, 1
unzip, 1
allow, 1
exercise, 1
fuera, 1
sacamos, 1
borra, 1
crea, 1
actualizacion, 1
jboss, 1
pruebqa2, 1
chau, 1
rodar, 1
na, 1
nexus, 2
examples, 1
异步线程池自定义装饰器，同步线程context。, 2
test1, 1
rhulani, 1
elton, 1
logback-spring, 5
filesystem, 1
cred, 1
spacing, 1
userstory, 1
pack, 1
complet, 1
completado, 2
manejo, 2
ficheros, 2
comit, 1
adaptación, 1
guías, 1
necesidades, 1
propias, 1
latest, 1
cnuss/feature/add-travis, 1
wtf, 1
these, 1
gul, 1
durn, 1
always, 1
#$*#%, 1
cnuss/with-docker, 1
interfaces, 1
com:cnuss/greeting-service, 1
statement, 1
mohammadjbyaseen/test, 1
bootstrap, 1
userdetailsservice, 1
protected, 1
roles, 1
benchmarking, 1
primeras, 1
con, 1
microservicios, 1
actviemq, 1
daemon, 1
com/ctc94/gs-spring-boot-docker, 1
lebih, 1
sederhana, 1
daripada, 1
jersey+mybatis, 1
gw, 1
barusan, 1
kenalan, 1
ama, 1
dan, 1
nosql, 1
keren, 1
bgt, 1
latihan, 1
wajib, 1
implemen, 2
nice, 1
ntar, 1
aku, 1
ya, 1
hari, 1
gini, 1
masih, 1
pake, 1
wsdl???, 1
ckckckckkkckkk, 1
ndesoo, 1
indentation, 1
mirceam11/dev, 1
com/mirceam11/gs-consuming-rest, 2
reordered, 1
applicationrunner, 1
maybe, 1
now?, 1
remade, 1
websphere, 1
extreme, 1
scale, 1
configclientapplication, 1
implemented;, 1
queued, 1
acticemq, 1
listening, 1
61616, 1
objecmessage, 1
activemq, 1
colon, 1
bintray, 1
qpid, 3
successful, 1
amqp, 1
broker, 1
readme-orig, 1
com/chris8xia/gs-accessing-data-jpa, 1
matrix, 1
vuyo, 1
demoing, 2
ms, 1
ms1, 1
microservices, 1
resourceserverproperties, 1
validation, 1
reproducable, 1
tutoriales, 1
doc-converter-collection, 1
#, 1
mysql!, 1
stupidiness, 1
applicaiton, 2
com/jesse0722/gs-spring-boot-docker, 1
dsa, 1
