version,,version,times
2.0.5.RELEASE,,2.0.5 RELEASE,115
2.0.5.RELEASE,,2.0.2 RELEASE,1
2.0.5.RELEASE,,2.0.1 RELEASE,7
2.0.5.RELEASE,,,
2.0.5.RELEASE,,,
2.0.5.RELEASE,,,
2.0.5.RELEASE,,,
2.0.5.RELEASE,,,
2.0.5.RELEASE,,,
2.0.5.RELEASE,,,
2.0.5.RELEASE,,,
2.0.5.RELEASE,,,
2.0.5.RELEASE,,,
2.0.5.RELEASE,,,
2.0.5.RELEASE,,,
2.0.5.RELEASE,,,
2.0.5.RELEASE,,,
2.0.5.RELEASE,,,
2.0.5.RELEASE,,,
2.0.5.RELEASE,,,
2.0.5.RELEASE,,,
2.0.5.RELEASE,,,
2.0.5.RELEASE,,,
2.0.5.RELEASE,,,
2.0.5.RELEASE,,,
2.0.5.RELEASE,,,
2.0.5.RELEASE,,,
2.0.5.RELEASE,,,
2.0.5.RELEASE,,,
2.0.5.RELEASE,,,
2.0.5.RELEASE,,,
2.0.5.RELEASE,,,
2.0.5.RELEASE,,,
2.0.5.RELEASE,,,
2.0.5.RELEASE,,,
2.0.5.RELEASE,,,
2.0.5.RELEASE,,,
2.0.5.RELEASE,,,
2.0.5.RELEASE,,,
2.0.5.RELEASE,,,
2.0.5.RELEASE,,,
2.0.5.RELEASE,,,
2.0.5.RELEASE,,,
2.0.5.RELEASE,,,
2.0.5.RELEASE,,,
2.0.5.RELEASE,,,
2.0.5.RELEASE,,,
2.0.5.RELEASE,,,
2.0.5.RELEASE,,,
2.0.5.RELEASE,,,
2.0.5.RELEASE,,,
2.0.5.RELEASE,,,
2.0.1.RELEASE,,,
2.0.1.RELEASE,,,
2.0.1.RELEASE,,,
2.0.1.RELEASE,,,
2.0.1.RELEASE,,,
2.0.1.RELEASE,,,
2.0.1.RELEASE,,,
2.0.5.RELEASE,,,
2.0.5.RELEASE,,,
2.0.5.RELEASE,,,
2.0.5.RELEASE,,,
2.0.5.RELEASE,,,
2.0.5.RELEASE,,,
2.0.5.RELEASE,,,
2.0.5.RELEASE,,,
2.0.5.RELEASE,,,
2.0.5.RELEASE,,,
2.0.5.RELEASE,,,
2.0.5.RELEASE,,,
2.0.5.RELEASE,,,
2.0.5.RELEASE,,,
2.0.5.RELEASE,,,
2.0.5.RELEASE,,,
2.0.5.RELEASE,,,
2.0.5.RELEASE,,,
2.0.5.RELEASE,,,
2.0.5.RELEASE,,,
2.0.5.RELEASE,,,
2.0.5.RELEASE,,,
2.0.5.RELEASE,,,
2.0.5.RELEASE,,,
2.0.5.RELEASE,,,
2.0.5.RELEASE,,,
2.0.5.RELEASE,,,
2.0.5.RELEASE,,,
2.0.5.RELEASE,,,
2.0.5.RELEASE,,,
2.0.5.RELEASE,,,
2.0.5.RELEASE,,,
2.0.5.RELEASE,,,
2.0.5.RELEASE,,,
2.0.5.RELEASE,,,
2.0.5.RELEASE,,,
2.0.5.RELEASE,,,
2.0.5.RELEASE,,,
2.0.5.RELEASE,,,
2.0.5.RELEASE,,,
2.0.5.RELEASE,,,
2.0.5.RELEASE,,,
2.0.5.RELEASE,,,
2.0.5.RELEASE,,,
2.0.5.RELEASE,,,
2.0.5.RELEASE,,,
2.0.5.RELEASE,,,
2.0.5.RELEASE,,,
2.0.5.RELEASE,,,
2.0.5.RELEASE,,,
2.0.5.RELEASE,,,
2.0.5.RELEASE,,,
2.0.2.RELEASE,,,
2.0.5.RELEASE,,,
2.0.5.RELEASE,,,
2.0.5.RELEASE,,,
2.0.5.RELEASE,,,
2.0.5.RELEASE,,,
2.0.5.RELEASE,,,
2.0.5.RELEASE,,,
2.0.5.RELEASE,,,
2.0.5.RELEASE,,,
2.0.5.RELEASE,,,
2.0.5.RELEASE,,,
