repository,forks,diskUsage_KB,stargazers,watchers,issues,commits,pullRequests,updatedAt,projects
deprecate-gs-register-twitter-app,14,650,7,21,2,113,5,2018-07-03T22:29:46Z,0
deprecated-gs-gradle-yarn,5,73,1,18,0,18,3,2018-10-04T16:25:07Z,0
deprecated-gs-register-facebook-app,33,857,17,25,4,124,8,2018-09-25T19:56:28Z,0
deprecated-gs-yarn-batch-restart,4,7462,2,19,1,21,5,2018-10-04T16:25:13Z,0
getting-started-guides,93,381,141,39,54,95,21,2018-11-19T15:19:09Z,0
gs-accessing-data-gemfire,13,387,5,22,3,193,6,2018-09-17T15:58:33Z,0
gs-accessing-data-jpa,162,385,95,36,12,186,21,2018-11-04T16:42:16Z,0
gs-accessing-data-mongodb,89,383,58,28,12,178,10,2018-09-17T15:49:11Z,0
gs-accessing-data-mysql,90,300,36,21,12,109,5,2018-11-25T08:32:03Z,0
gs-accessing-data-neo4j,26,425,13,22,11,197,14,2018-10-26T09:41:14Z,0
gs-accessing-data-rest,126,373,73,26,13,97,6,2018-11-11T11:50:07Z,0
gs-accessing-gemfire-data-rest,7,280,3,19,1,99,3,2018-09-17T15:49:22Z,0
gs-accessing-mongodb-data-rest,64,270,35,25,4,91,7,2018-10-23T02:41:59Z,0
gs-accessing-neo4j-data-rest,20,319,7,19,6,111,7,2018-09-17T15:49:28Z,0
gs-accessing-vault,3,291,0,16,0,99,3,2018-11-13T18:14:31Z,0
gs-actuator-service,75,405,32,25,6,194,13,2018-09-17T15:49:36Z,0
gs-async-method,47,379,44,20,6,158,7,2018-11-13T10:26:58Z,0
gs-authenticating-ldap,68,486,38,25,14,196,13,2018-11-16T18:19:06Z,0
gs-batch-processing,165,448,70,29,12,192,15,2018-11-11T10:43:53Z,0
gs-caching,40,293,25,21,1,97,4,2018-11-14T05:42:15Z,0
gs-caching-gemfire,18,421,4,21,0,175,6,2018-09-17T15:49:52Z,0
gs-centralized-configuration,55,460,24,24,8,204,3,2018-11-13T18:14:34Z,0
gs-circuit-breaker,42,340,19,21,6,109,5,2018-11-13T18:14:37Z,0
gs-client-side-load-balancing,23,384,19,24,4,108,2,2018-11-13T18:14:39Z,0
gs-consuming-rest,149,440,62,25,13,194,15,2018-11-05T01:47:38Z,0
gs-consuming-web-service,83,327,54,21,28,109,6,2018-11-13T17:24:41Z,0
gs-contract-rest,4,364,0,16,4,112,1,2018-11-13T18:14:43Z,0
gs-crud-with-vaadin,76,238,44,21,8,73,10,2018-11-18T03:21:29Z,0
gs-gateway,4,343,3,17,2,105,0,2018-11-13T18:14:45Z,0
gs-gradle,199,340,77,33,9,133,15,2018-11-10T00:05:15Z,0
gs-handling-form-submission,40,500,17,18,5,145,6,2018-11-16T16:26:48Z,0
gs-integration,26,424,5,22,4,174,14,2018-11-05T15:11:46Z,0
gs-managing-transactions,30,394,15,22,2,158,6,2018-09-17T15:50:42Z,0
gs-maven,281,141,86,38,10,131,15,2018-11-16T05:21:05Z,0
gs-messaging-gcp-pubsub,9,343,1,21,6,105,8,2018-09-17T15:50:45Z,0
gs-messaging-jms,87,437,40,26,7,185,15,2018-10-28T15:58:55Z,0
gs-messaging-rabbitmq,105,416,82,31,8,177,9,2018-11-07T02:24:25Z,0
gs-messaging-redis,51,432,44,24,4,181,7,2018-11-07T02:24:16Z,0
gs-messaging-stomp-websocket,240,5742,203,38,27,128,20,2018-11-09T08:11:00Z,0
gs-multi-module,47,203,71,28,8,34,3,2018-11-11T13:56:00Z,0
gs-producing-web-service,105,393,58,24,7,116,8,2018-09-26T15:10:24Z,0
gs-reactive-rest-service,11,343,16,17,5,116,2,2018-11-13T15:08:12Z,0
gs-relational-data-access,83,398,37,25,4,184,14,2018-11-14T13:54:08Z,0
gs-rest-hateoas,53,400,39,22,3,187,13,2018-09-17T15:51:20Z,0
gs-rest-service,1281,908,682,97,48,325,39,2018-11-22T11:52:07Z,0
gs-rest-service-cors,71,497,47,22,10,118,9,2018-10-15T01:36:09Z,0
gs-scheduling-tasks,92,412,56,26,4,206,9,2018-11-15T19:30:21Z,0
gs-securing-web,199,667,112,33,19,217,18,2018-11-13T08:10:40Z,0
gs-service-registration-and-discovery,85,463,53,21,8,192,4,2018-11-14T20:21:43Z,0
gs-serving-web-content,289,367,140,40,12,164,14,2018-11-19T15:00:41Z,0
gs-spring-boot,635,477,351,55,27,174,29,2018-11-14T20:21:18Z,0
gs-spring-boot-docker,480,435,305,48,35,119,27,2018-11-14T06:48:21Z,0
gs-spring-boot-for-azure,0,356,0,16,0,100,0,2018-09-17T15:51:50Z,0
gs-testing-restdocs,10,169,2,19,0,19,2,2018-09-17T15:51:54Z,0
gs-testing-web,28,158,30,18,2,44,5,2018-11-18T08:28:36Z,0
gs-uploading-files,239,466,196,31,34,201,18,2018-11-18T06:28:15Z,0
gs-validating-form-input,79,1382,51,26,9,188,15,2018-09-17T15:52:04Z,0
gs-vault-config,3,342,0,16,1,99,3,2018-11-13T18:14:51Z,0
quoters,2,114,5,17,0,6,0,2018-05-25T19:28:15Z,0
tut-rest,163,350,222,34,47,63,18,2018-11-11T04:59:01Z,0
tut-spring-boot-oauth2,404,169,466,53,66,76,26,2018-11-19T11:05:03Z,0
